[
  {
    "title": "Bhediya",
    "image": {
      "url": "/static/images/post4.jpg",
      "alt": "cactus photo"
    },
    "caption": "Lorem ipsum dolor sit amet consectetur adipisicing elit. Velit voluptas, architecto sequi eveniet eius cupiditate aliquam sapiente enim natus fuga numquam voluptatum odit. Fuga, ipsam quos quam labore voluptas dolores tenetur, quasi explicabo enim amet nihil beatae. Dolores omnis commodi reprehenderit ipsa cum natus rerum distinctio rem illo sapiente perspiciatis blanditiis vel mollitia, molestiae perferendis id ipsum? Fuga, temporibus ipsam voluptates autem vitae eaque maxime unde consequuntur facere cupiditate provident error itaque illo a quisquam rem nobis iste. Odio, doloremque. Vero repudiandae quidem amet nam laudantium error itaque accusantium quos, possimus neque officia officiis consectetur facilis molestiae voluptate animi quam veritatis. Quas facilis doloremque eligendi quis itaque delectus similique quisquam, ea earum ab quasi nostrum assumenda illo, dicta voluptatibus! Eveniet quidem pariatur eaque ducimus autem deserunt, error cum, molestiae itaque beatae sint possimus libero ex laborum facilis quibusdam culpa totam, recusandae nobis doloribus tempore? Nobis exercitationem qui tenetur vero dolores accusamus a! Natus deserunt non iste aperiam quae magnam tenetur modi sint nisi animi est assumenda sit vitae, eveniet reprehenderit fugiat praesentium dolorem corrupti velit ut ad exercitationem sapiente. Earum saepe ut possimus, doloribus blanditiis sed porro vero neque, molestias soluta error. Aspernatur natus repudiandae nostrum consequuntur, officiis eveniet voluptatibus.",
    "shortCaption": "Lorem ipsum dolor, sit amet consectetur adipisicing elit. Enim,dolores?",
    "author": "Aliaskar Dorostkar",
    "authorImg": "/static/images/avatar.jpg",
    "authorSkill": "Film critic"
  },
  {
    "title": "Napoleon",
    "image": {
      "url": "/static/images/post5.jpg",
      "alt": "flower photo"
    },
    "caption": "Lorem ipsum dolor sit amet consectetur adipisicing elit. Velit voluptas, architecto sequi eveniet eius cupiditate aliquam sapiente enim natus fuga numquam voluptatum odit. Fuga, ipsam quos quam labore voluptas dolores tenetur, quasi explicabo enim amet nihil beatae. Dolores omnis commodi reprehenderit ipsa cum natus rerum distinctio rem illo sapiente perspiciatis blanditiis vel mollitia, molestiae perferendis id ipsum? Fuga, temporibus ipsam voluptates autem vitae eaque maxime unde consequuntur facere cupiditate provident error itaque illo a quisquam rem nobis iste. Odio, doloremque. Vero repudiandae quidem amet nam laudantium error itaque accusantium quos, possimus neque officia officiis consectetur facilis molestiae voluptate animi quam veritatis. Quas facilis doloremque eligendi quis itaque delectus similique quisquam, ea earum ab quasi nostrum assumenda illo, dicta voluptatibus! Eveniet quidem pariatur eaque ducimus autem deserunt, error cum, molestiae itaque beatae sint possimus libero ex laborum facilis quibusdam culpa totam, recusandae nobis doloribus tempore? Nobis exercitationem qui tenetur vero dolores accusamus a! Natus deserunt non iste aperiam quae magnam tenetur modi sint nisi animi est assumenda sit vitae, eveniet reprehenderit fugiat praesentium dolorem corrupti velit ut ad exercitationem sapiente. Earum saepe ut possimus, doloribus blanditiis sed porro vero neque, molestias soluta error. Aspernatur natus repudiandae nostrum consequuntur, officiis eveniet voluptatibus.",
    "shortCaption": "Lorem ipsum dolor, sit amet consectetur adipisicing elit. Enim,dolores?",
    "author": "Aliaskar Dorostkar",
    "authorImg": "/static/images/avatar.jpg",
    "authorSkill": "Film critic"
  },
  {
    "title": "Oppenheimer",
    "image": {
      "url": "/static/images/oppenheimer.webp",
      "alt": "tree photo"
    },
    "caption": "Lorem ipsum dolor sit amet consectetur adipisicing elit. Velit voluptas, architecto sequi eveniet eius cupiditate aliquam sapiente enim natus fuga numquam voluptatum odit. Fuga, ipsam quos quam labore voluptas dolores tenetur, quasi explicabo enim amet nihil beatae. Dolores omnis commodi reprehenderit ipsa cum natus rerum distinctio rem illo sapiente perspiciatis blanditiis vel mollitia, molestiae perferendis id ipsum? Fuga, temporibus ipsam voluptates autem vitae eaque maxime unde consequuntur facere cupiditate provident error itaque illo a quisquam rem nobis iste. Odio, doloremque. Vero repudiandae quidem amet nam laudantium error itaque accusantium quos, possimus neque officia officiis consectetur facilis molestiae voluptate animi quam veritatis. Quas facilis doloremque eligendi quis itaque delectus similique quisquam, ea earum ab quasi nostrum assumenda illo, dicta voluptatibus! Eveniet quidem pariatur eaque ducimus autem deserunt, error cum, molestiae itaque beatae sint possimus libero ex laborum facilis quibusdam culpa totam, recusandae nobis doloribus tempore? Nobis exercitationem qui tenetur vero dolores accusamus a! Natus deserunt non iste aperiam quae magnam tenetur modi sint nisi animi est assumenda sit vitae, eveniet reprehenderit fugiat praesentium dolorem corrupti velit ut ad exercitationem sapiente. Earum saepe ut possimus, doloribus blanditiis sed porro vero neque, molestias soluta error. Aspernatur natus repudiandae nostrum consequuntur, officiis eveniet voluptatibus.",
    "shortCaption": "Lorem ipsum dolor, sit amet consectetur adipisicing elit. Enim,dolores?",
    "author": "Aliaskar Dorostkar",
    "authorImg": "/static/images/avatar.jpg",
    "authorSkill": "Film critic"
  }
]
